ctr,bid_amount,pv,click,cost,cpc,ad_sense,channel_code,ad_status,delivery_times,iAllMinute,age,business_interest,customized_audience,education,gender,keyword,online_scenario,paying_user_type,region,user_os,cImageId,cTitle
0.0196,1.0,1476.0,29.0,36.82,1.2697,0.0,6.0,0.0,5.0,180.0,5.0,4.0,3.0,2.0,0.0,1.0,1.0,0.0,4.0,1.0,0.0,22.0
0.0157,1.0,1781.0,28.0,34.47,1.2311,0.0,2.0,0.0,3.0,180.0,3.0,3.0,3.0,1.0,0.0,1.0,1.0,0.0,6.0,1.0,6.0,29.0
0.0226,1.0,2870.0,65.0,71.87,1.1057,0.0,6.0,0.0,5.0,180.0,5.0,4.0,3.0,3.0,0.0,1.0,1.0,0.0,12.0,1.0,0.0,33.0
0.0307,1.0,553.0,17.0,15.31,0.9006,0.0,5.0,0.0,4.0,180.0,4.0,4.0,3.0,2.0,0.0,0.0,0.0,0.0,11.0,0.0,11.0,5.0
0.0769,1.0,507.0,39.0,34.41,0.8823,0.0,5.0,0.0,4.0,180.0,4.0,4.0,3.0,2.0,0.0,0.0,0.0,0.0,11.0,0.0,15.0,8.0
0.0307,0.8,23222.0,714.0,676.29,0.9472,0.0,1.0,0.0,5.0,180.0,5.0,0.0,3.0,1.0,0.0,1.0,1.0,0.0,12.0,0.0,28.0,39.0
0.0385,1.6,26.0,1.0,1.36,1.36,0.0,3.0,0.0,3.0,180.0,5.0,4.0,1.0,2.0,0.0,1.0,1.0,0.0,2.0,0.0,6.0,45.0
0.0463,1.5,9527.0,441.0,507.89,1.1517,0.0,3.0,0.0,5.0,180.0,3.0,4.0,5.0,1.0,0.0,1.0,0.0,0.0,12.0,0.0,15.0,39.0
0.0425,1.0,12183.0,518.0,509.89,0.9843,0.0,1.0,0.0,5.0,180.0,5.0,4.0,3.0,1.0,0.0,1.0,1.0,0.0,3.0,0.0,15.0,39.0
0.0654,1.2,719.0,47.0,61.01,1.2981,0.0,2.0,0.0,3.0,180.0,5.0,2.0,3.0,2.0,0.0,1.0,1.0,0.0,10.0,0.0,6.0,45.0
0.0,1.0,6.0,0.0,0.0,0.0,0.0,6.0,0.0,5.0,195.0,5.0,4.0,3.0,2.0,0.0,1.0,1.0,0.0,4.0,1.0,0.0,22.0
0.0,1.0,3.0,0.0,0.0,0.0,0.0,2.0,0.0,3.0,195.0,3.0,3.0,3.0,1.0,0.0,1.0,1.0,0.0,6.0,1.0,6.0,29.0
0.0526,1.1,57.0,3.0,3.18,1.06,0.0,6.0,0.0,5.0,195.0,5.0,4.0,3.0,3.0,0.0,1.0,1.0,0.0,12.0,1.0,0.0,33.0
0.0189,1.1,53.0,1.0,0.86,0.86,0.0,5.0,0.0,4.0,195.0,4.0,4.0,3.0,2.0,0.0,0.0,0.0,0.0,11.0,0.0,11.0,5.0
0.0843,1.1,83.0,7.0,6.45,0.9214,0.0,5.0,0.0,4.0,195.0,4.0,4.0,3.0,2.0,0.0,0.0,0.0,0.0,11.0,0.0,15.0,8.0
0.0,0.8,4.0,0.0,0.0,0.0,0.0,1.0,0.0,5.0,195.0,5.0,0.0,3.0,1.0,0.0,1.0,1.0,0.0,12.0,0.0,28.0,39.0
0.0,1.5,3.0,0.0,0.0,0.0,0.0,3.0,0.0,3.0,195.0,5.0,4.0,1.0,2.0,0.0,1.0,1.0,0.0,2.0,0.0,6.0,45.0
0.1138,1.5,123.0,14.0,18.61,1.3293,0.0,3.0,0.0,5.0,195.0,3.0,4.0,5.0,1.0,0.0,1.0,0.0,0.0,12.0,0.0,15.0,39.0
0.0,1.2,10.0,0.0,0.0,0.0,0.0,1.0,0.0,5.0,195.0,5.0,4.0,3.0,1.0,0.0,1.0,1.0,0.0,3.0,0.0,15.0,39.0
0.0,1.2,1.0,0.0,0.0,0.0,0.0,2.0,0.0,3.0,195.0,5.0,2.0,3.0,2.0,0.0,1.0,1.0,0.0,10.0,0.0,6.0,45.0
0.0,1.0,10.0,0.0,0.0,0.0,0.0,6.0,0.0,5.0,210.0,5.0,4.0,3.0,2.0,0.0,1.0,1.0,0.0,4.0,1.0,0.0,22.0
0.0,1.0,10.0,0.0,0.0,0.0,0.0,2.0,0.0,3.0,210.0,3.0,3.0,3.0,1.0,0.0,1.0,1.0,0.0,6.0,1.0,6.0,29.0
0.0392,1.1,102.0,4.0,4.27,1.0675,0.0,6.0,0.0,5.0,210.0,5.0,4.0,3.0,3.0,0.0,1.0,1.0,0.0,12.0,1.0,0.0,33.0
0.0182,1.1,110.0,2.0,1.83,0.915,0.0,5.0,0.0,4.0,210.0,4.0,4.0,3.0,2.0,0.0,0.0,0.0,0.0,11.0,0.0,11.0,5.0
0.0879,1.1,182.0,16.0,14.63,0.9144,0.0,5.0,0.0,4.0,210.0,4.0,4.0,3.0,2.0,0.0,0.0,0.0,0.0,11.0,0.0,15.0,8.0
0.0,0.8,8.0,0.0,0.0,0.0,0.0,1.0,0.0,5.0,210.0,5.0,0.0,3.0,1.0,0.0,1.0,1.0,0.0,12.0,0.0,28.0,39.0
0.0,1.5,3.0,0.0,0.0,0.0,0.0,3.0,0.0,3.0,210.0,5.0,4.0,1.0,2.0,0.0,1.0,1.0,0.0,2.0,0.0,6.0,45.0
0.0993,1.5,292.0,29.0,38.91,1.3417,0.0,3.0,0.0,5.0,210.0,3.0,4.0,5.0,1.0,0.0,1.0,0.0,0.0,12.0,0.0,15.0,39.0
0.0,1.2,17.0,0.0,0.0,0.0,0.0,1.0,0.0,5.0,210.0,5.0,4.0,3.0,1.0,0.0,1.0,1.0,0.0,3.0,0.0,15.0,39.0
0.0,1.2,3.0,0.0,0.0,0.0,0.0,2.0,0.0,3.0,210.0,5.0,2.0,3.0,2.0,0.0,1.0,1.0,0.0,10.0,0.0,6.0,45.0
0.0,1.0,19.0,0.0,0.0,0.0,0.0,6.0,0.0,5.0,225.0,5.0,4.0,3.0,2.0,0.0,1.0,1.0,0.0,4.0,1.0,0.0,22.0
0.0,1.0,14.0,0.0,0.0,0.0,0.0,2.0,0.0,3.0,225.0,3.0,3.0,3.0,1.0,0.0,1.0,1.0,0.0,6.0,1.0,6.0,29.0
0.0534,1.1,131.0,7.0,7.11,1.0157,0.0,6.0,0.0,5.0,225.0,5.0,4.0,3.0,3.0,0.0,1.0,1.0,0.0,12.0,1.0,0.0,33.0
0.0385,1.1,156.0,6.0,5.67,0.945,0.0,5.0,0.0,4.0,225.0,4.0,4.0,3.0,2.0,0.0,0.0,0.0,0.0,11.0,0.0,11.0,5.0
0.113,1.1,292.0,33.0,29.05,0.8803,0.0,5.0,0.0,4.0,225.0,4.0,4.0,3.0,2.0,0.0,0.0,0.0,0.0,11.0,0.0,15.0,8.0
0.0,0.8,10.0,0.0,0.0,0.0,0.0,1.0,0.0,5.0,225.0,5.0,0.0,3.0,1.0,0.0,1.0,1.0,0.0,12.0,0.0,28.0,39.0
0.0,1.5,3.0,0.0,0.0,0.0,0.0,3.0,0.0,3.0,225.0,5.0,4.0,1.0,2.0,0.0,1.0,1.0,0.0,2.0,0.0,6.0,45.0
0.0888,1.5,439.0,39.0,52.11,1.3362,0.0,3.0,0.0,5.0,225.0,3.0,4.0,5.0,1.0,0.0,1.0,0.0,0.0,12.0,0.0,15.0,39.0
0.069,1.2,29.0,2.0,1.8,0.9,0.0,1.0,0.0,5.0,225.0,5.0,4.0,3.0,1.0,0.0,1.0,1.0,0.0,3.0,0.0,15.0,39.0
0.0,1.2,5.0,0.0,0.0,0.0,0.0,2.0,0.0,3.0,225.0,5.0,2.0,3.0,2.0,0.0,1.0,1.0,0.0,10.0,0.0,6.0,45.0
0.0,1.0,20.0,0.0,0.0,0.0,0.0,6.0,0.0,5.0,240.0,5.0,4.0,3.0,2.0,0.0,1.0,1.0,0.0,4.0,1.0,0.0,22.0
0.0588,1.0,17.0,1.0,0.88,0.88,0.0,2.0,0.0,3.0,240.0,3.0,3.0,3.0,1.0,0.0,1.0,1.0,0.0,6.0,1.0,6.0,29.0
0.0427,1.1,164.0,7.0,7.11,1.0157,0.0,6.0,0.0,5.0,240.0,5.0,4.0,3.0,3.0,0.0,1.0,1.0,0.0,12.0,1.0,0.0,33.0
0.037,1.1,189.0,7.0,6.27,0.8957,0.0,5.0,0.0,4.0,240.0,4.0,4.0,3.0,2.0,0.0,0.0,0.0,0.0,11.0,0.0,11.0,5.0
0.1011,1.1,435.0,44.0,38.59,0.877,0.0,5.0,0.0,4.0,240.0,4.0,4.0,3.0,2.0,0.0,0.0,0.0,0.0,11.0,0.0,15.0,8.0
0.0,0.8,14.0,0.0,0.0,0.0,0.0,1.0,0.0,5.0,240.0,5.0,0.0,3.0,1.0,0.0,1.0,1.0,0.0,12.0,0.0,28.0,39.0
0.0,1.5,5.0,0.0,0.0,0.0,0.0,3.0,0.0,3.0,240.0,5.0,4.0,1.0,2.0,0.0,1.0,1.0,0.0,2.0,0.0,6.0,45.0
0.0835,1.5,563.0,47.0,62.7,1.334,0.0,3.0,0.0,5.0,240.0,3.0,4.0,5.0,1.0,0.0,1.0,0.0,0.0,12.0,0.0,15.0,39.0
0.0909,1.2,44.0,4.0,3.38,0.845,0.0,1.0,0.0,5.0,240.0,5.0,4.0,3.0,1.0,0.0,1.0,1.0,0.0,3.0,0.0,15.0,39.0
0.1,1.2,10.0,1.0,1.16,1.16,0.0,2.0,0.0,3.0,240.0,5.0,2.0,3.0,2.0,0.0,1.0,1.0,0.0,10.0,0.0,6.0,45.0
0.0,1.0,26.0,0.0,0.0,0.0,0.0,6.0,0.0,5.0,255.0,5.0,4.0,3.0,2.0,0.0,1.0,1.0,0.0,4.0,1.0,0.0,22.0
0.0588,1.0,17.0,1.0,0.88,0.88,0.0,2.0,0.0,3.0,255.0,3.0,3.0,3.0,1.0,0.0,1.0,1.0,0.0,6.0,1.0,6.0,29.0
0.0558,1.1,215.0,12.0,11.92,0.9933,0.0,6.0,0.0,5.0,255.0,5.0,4.0,3.0,3.0,0.0,1.0,1.0,0.0,12.0,1.0,0.0,33.0
0.04,1.1,225.0,9.0,8.44,0.9378,0.0,5.0,0.0,4.0,255.0,4.0,4.0,3.0,2.0,0.0,0.0,0.0,0.0,11.0,0.0,11.0,5.0
0.0913,1.1,624.0,57.0,50.32,0.8828,0.0,5.0,0.0,4.0,255.0,4.0,4.0,3.0,2.0,0.0,0.0,0.0,0.0,11.0,0.0,15.0,8.0
0.0,0.8,14.0,0.0,0.0,0.0,0.0,1.0,0.0,5.0,255.0,5.0,0.0,3.0,1.0,0.0,1.0,1.0,0.0,12.0,0.0,28.0,39.0
0.0,1.5,5.0,0.0,0.0,0.0,0.0,3.0,0.0,3.0,255.0,5.0,4.0,1.0,2.0,0.0,1.0,1.0,0.0,2.0,0.0,6.0,45.0
0.0794,1.5,680.0,54.0,71.87,1.3309,0.0,3.0,0.0,5.0,255.0,3.0,4.0,5.0,1.0,0.0,1.0,0.0,0.0,12.0,0.0,15.0,39.0
0.0897,1.2,78.0,7.0,6.64,0.9486,0.0,1.0,0.0,5.0,255.0,5.0,4.0,3.0,1.0,0.0,1.0,1.0,0.0,3.0,0.0,15.0,39.0
0.0769,1.2,13.0,1.0,1.16,1.16,0.0,2.0,0.0,3.0,255.0,5.0,2.0,3.0,2.0,0.0,1.0,1.0,0.0,10.0,0.0,6.0,45.0
0.0,1.0,28.0,0.0,0.0,0.0,0.0,6.0,0.0,5.0,270.0,5.0,4.0,3.0,2.0,0.0,1.0,1.0,0.0,4.0,1.0,0.0,22.0
0.1,1.0,20.0,2.0,1.87,0.935,0.0,2.0,0.0,3.0,270.0,3.0,3.0,3.0,1.0,0.0,1.0,1.0,0.0,6.0,1.0,6.0,29.0
0.0444,1.1,270.0,12.0,11.92,0.9933,0.0,6.0,0.0,5.0,270.0,5.0,4.0,3.0,3.0,0.0,1.0,1.0,0.0,12.0,1.0,0.0,33.0
0.0506,1.1,257.0,13.0,12.62,0.9708,0.0,5.0,0.0,4.0,270.0,4.0,4.0,3.0,2.0,0.0,0.0,0.0,0.0,11.0,0.0,11.0,5.0
0.0807,1.1,830.0,67.0,59.95,0.8948,0.0,5.0,0.0,4.0,270.0,4.0,4.0,3.0,2.0,0.0,0.0,0.0,0.0,11.0,0.0,15.0,8.0
0.0,0.8,16.0,0.0,0.0,0.0,0.0,1.0,0.0,5.0,270.0,5.0,0.0,3.0,1.0,0.0,1.0,1.0,0.0,12.0,0.0,28.0,39.0
0.0,1.5,5.0,0.0,0.0,0.0,0.0,3.0,0.0,3.0,270.0,5.0,4.0,1.0,2.0,0.0,1.0,1.0,0.0,2.0,0.0,6.0,45.0
0.0762,1.5,787.0,60.0,79.99,1.3332,0.0,3.0,0.0,5.0,270.0,3.0,4.0,5.0,1.0,0.0,1.0,0.0,0.0,12.0,0.0,15.0,39.0
0.0833,1.2,120.0,10.0,9.89,0.989,0.0,1.0,0.0,5.0,270.0,5.0,4.0,3.0,1.0,0.0,1.0,1.0,0.0,3.0,0.0,15.0,39.0
0.1333,1.2,15.0,2.0,2.35,1.175,0.0,2.0,0.0,3.0,270.0,5.0,2.0,3.0,2.0,0.0,1.0,1.0,0.0,10.0,0.0,6.0,45.0
0.0,1.0,32.0,0.0,0.0,0.0,0.0,6.0,0.0,5.0,285.0,5.0,4.0,3.0,2.0,0.0,1.0,1.0,0.0,4.0,1.0,0.0,22.0
0.087,1.0,23.0,2.0,1.87,0.935,0.0,2.0,0.0,3.0,285.0,3.0,3.0,3.0,1.0,0.0,1.0,1.0,0.0,6.0,1.0,6.0,29.0
0.0378,1.1,344.0,13.0,12.94,0.9954,0.0,6.0,0.0,5.0,285.0,5.0,4.0,3.0,3.0,0.0,1.0,1.0,0.0,12.0,1.0,0.0,33.0
0.0485,1.1,268.0,13.0,12.62,0.9708,0.0,5.0,0.0,4.0,285.0,4.0,4.0,3.0,2.0,0.0,0.0,0.0,0.0,11.0,0.0,11.0,5.0
0.0782,1.1,870.0,68.0,61.01,0.8972,0.0,5.0,0.0,4.0,285.0,4.0,4.0,3.0,2.0,0.0,0.0,0.0,0.0,11.0,0.0,15.0,8.0
0.0,0.8,17.0,0.0,0.0,0.0,0.0,1.0,0.0,5.0,285.0,5.0,0.0,3.0,1.0,0.0,1.0,1.0,0.0,12.0,0.0,28.0,39.0
0.0,1.5,5.0,0.0,0.0,0.0,0.0,3.0,0.0,3.0,285.0,5.0,4.0,1.0,2.0,0.0,1.0,1.0,0.0,2.0,0.0,6.0,45.0
0.0759,1.5,883.0,67.0,89.61,1.3375,0.0,3.0,0.0,5.0,285.0,3.0,4.0,5.0,1.0,0.0,1.0,0.0,0.0,12.0,0.0,15.0,39.0
0.0755,1.2,159.0,12.0,11.76,0.98,0.0,1.0,0.0,5.0,285.0,5.0,4.0,3.0,1.0,0.0,1.0,1.0,0.0,3.0,0.0,15.0,39.0
0.1333,1.2,15.0,2.0,2.35,1.175,0.0,2.0,0.0,3.0,285.0,5.0,2.0,3.0,2.0,0.0,1.0,1.0,0.0,10.0,0.0,6.0,45.0
0.0,1.0,38.0,0.0,0.0,0.0,0.0,6.0,0.0,5.0,300.0,5.0,4.0,3.0,2.0,0.0,1.0,1.0,0.0,4.0,1.0,0.0,22.0
0.0769,1.0,26.0,2.0,1.87,0.935,0.0,2.0,0.0,3.0,300.0,3.0,3.0,3.0,1.0,0.0,1.0,1.0,0.0,6.0,1.0,6.0,29.0
0.0338,1.1,385.0,13.0,12.94,0.9954,0.0,6.0,0.0,5.0,300.0,5.0,4.0,3.0,3.0,0.0,1.0,1.0,0.0,12.0,1.0,0.0,33.0
0.0481,1.1,270.0,13.0,12.62,0.9708,0.0,5.0,0.0,4.0,300.0,4.0,4.0,3.0,2.0,0.0,0.0,0.0,0.0,11.0,0.0,11.0,5.0
0.0768,1.1,885.0,68.0,61.01,0.8972,0.0,5.0,0.0,4.0,300.0,4.0,4.0,3.0,2.0,0.0,0.0,0.0,0.0,11.0,0.0,15.0,8.0
0.0,0.8,17.0,0.0,0.0,0.0,0.0,1.0,0.0,5.0,300.0,5.0,0.0,3.0,1.0,0.0,1.0,1.0,0.0,12.0,0.0,28.0,39.0
0.0,1.5,5.0,0.0,0.0,0.0,0.0,3.0,0.0,3.0,300.0,5.0,4.0,1.0,2.0,0.0,1.0,1.0,0.0,2.0,0.0,6.0,45.0
0.08,1.5,963.0,77.0,102.77,1.3347,0.0,3.0,0.0,5.0,300.0,3.0,4.0,5.0,1.0,0.0,1.0,0.0,0.0,12.0,0.0,15.0,39.0
0.0729,1.2,192.0,14.0,14.09,1.0064,0.0,1.0,0.0,5.0,300.0,5.0,4.0,3.0,1.0,0.0,1.0,1.0,0.0,3.0,0.0,15.0,39.0
0.1053,1.2,19.0,2.0,2.35,1.175,0.0,2.0,0.0,3.0,300.0,5.0,2.0,3.0,2.0,0.0,1.0,1.0,0.0,10.0,0.0,6.0,45.0
0.0,1.0,42.0,0.0,0.0,0.0,0.0,6.0,0.0,5.0,315.0,5.0,4.0,3.0,2.0,0.0,1.0,1.0,0.0,4.0,1.0,0.0,22.0
0.0769,1.0,26.0,2.0,1.87,0.935,0.0,2.0,0.0,3.0,315.0,3.0,3.0,3.0,1.0,0.0,1.0,1.0,0.0,6.0,1.0,6.0,29.0
0.0328,1.1,427.0,14.0,13.67,0.9764,0.0,6.0,0.0,5.0,315.0,5.0,4.0,3.0,3.0,0.0,1.0,1.0,0.0,12.0,1.0,0.0,33.0
0.0481,1.1,270.0,13.0,12.62,0.9708,0.0,5.0,0.0,4.0,315.0,4.0,4.0,3.0,2.0,0.0,0.0,0.0,0.0,11.0,0.0,11.0,5.0
0.076,1.1,895.0,68.0,61.01,0.8972,0.0,5.0,0.0,4.0,315.0,4.0,4.0,3.0,2.0,0.0,0.0,0.0,0.0,11.0,0.0,15.0,8.0
0.0,0.8,17.0,0.0,0.0,0.0,0.0,1.0,0.0,5.0,315.0,5.0,0.0,3.0,1.0,0.0,1.0,1.0,0.0,12.0,0.0,28.0,39.0
0.0,1.5,5.0,0.0,0.0,0.0,0.0,3.0,0.0,3.0,315.0,5.0,4.0,1.0,2.0,0.0,1.0,1.0,0.0,2.0,0.0,6.0,45.0
0.0794,1.5,1172.0,93.0,118.62,1.2755,0.0,3.0,0.0,5.0,315.0,3.0,4.0,5.0,1.0,0.0,1.0,0.0,0.0,12.0,0.0,15.0,39.0
0.0678,1.2,236.0,16.0,16.46,1.0288,0.0,1.0,0.0,5.0,315.0,5.0,4.0,3.0,1.0,0.0,1.0,1.0,0.0,3.0,0.0,15.0,39.0
0.1053,1.2,19.0,2.0,2.35,1.175,0.0,2.0,0.0,3.0,315.0,5.0,2.0,3.0,2.0,0.0,1.0,1.0,0.0,10.0,0.0,6.0,45.0
0.0,1.0,47.0,0.0,0.0,0.0,0.0,6.0,0.0,5.0,330.0,5.0,4.0,3.0,2.0,0.0,1.0,1.0,0.0,4.0,1.0,0.0,22.0
0.0769,1.0,26.0,2.0,1.87,0.935,0.0,2.0,0.0,3.0,330.0,3.0,3.0,3.0,1.0,0.0,1.0,1.0,0.0,6.0,1.0,6.0,29.0
0.0352,1.1,454.0,16.0,15.79,0.9869,0.0,6.0,0.0,5.0,330.0,5.0,4.0,3.0,3.0,0.0,1.0,1.0,0.0,12.0,1.0,0.0,33.0
0.0481,1.1,270.0,13.0,12.62,0.9708,0.0,5.0,0.0,4.0,330.0,4.0,4.0,3.0,2.0,0.0,0.0,0.0,0.0,11.0,0.0,11.0,5.0
0.076,1.1,895.0,68.0,61.01,0.8972,0.0,5.0,0.0,4.0,330.0,4.0,4.0,3.0,2.0,0.0,0.0,0.0,0.0,11.0,0.0,15.0,8.0
0.0,0.8,18.0,0.0,0.0,0.0,0.0,1.0,0.0,5.0,330.0,5.0,0.0,3.0,1.0,0.0,1.0,1.0,0.0,12.0,0.0,28.0,39.0
0.0,1.5,5.0,0.0,0.0,0.0,0.0,3.0,0.0,3.0,330.0,5.0,4.0,1.0,2.0,0.0,1.0,1.0,0.0,2.0,0.0,6.0,45.0
0.0723,1.5,1494.0,108.0,132.96,1.2311,0.0,3.0,0.0,5.0,330.0,3.0,4.0,5.0,1.0,0.0,1.0,0.0,0.0,12.0,0.0,15.0,39.0
0.0614,1.2,277.0,17.0,17.35,1.0206,0.0,1.0,0.0,5.0,330.0,5.0,4.0,3.0,1.0,0.0,1.0,1.0,0.0,3.0,0.0,15.0,39.0
0.1053,1.2,19.0,2.0,2.35,1.175,0.0,2.0,0.0,3.0,330.0,5.0,2.0,3.0,2.0,0.0,1.0,1.0,0.0,10.0,0.0,6.0,45.0
0.0,1.0,49.0,0.0,0.0,0.0,0.0,6.0,0.0,5.0,345.0,5.0,4.0,3.0,2.0,0.0,1.0,1.0,0.0,4.0,1.0,0.0,22.0
0.0769,1.0,26.0,2.0,1.87,0.935,0.0,2.0,0.0,3.0,345.0,3.0,3.0,3.0,1.0,0.0,1.0,1.0,0.0,6.0,1.0,6.0,29.0
0.0335,1.1,478.0,16.0,15.79,0.9869,0.0,6.0,0.0,5.0,345.0,5.0,4.0,3.0,3.0,0.0,1.0,1.0,0.0,12.0,1.0,0.0,33.0
0.048,1.1,271.0,13.0,12.62,0.9708,0.0,5.0,0.0,4.0,345.0,4.0,4.0,3.0,2.0,0.0,0.0,0.0,0.0,11.0,0.0,11.0,5.0
0.0757,1.1,898.0,68.0,61.01,0.8972,0.0,5.0,0.0,4.0,345.0,4.0,4.0,3.0,2.0,0.0,0.0,0.0,0.0,11.0,0.0,15.0,8.0
0.0,0.8,18.0,0.0,0.0,0.0,0.0,1.0,0.0,5.0,345.0,5.0,0.0,3.0,1.0,0.0,1.0,1.0,0.0,12.0,0.0,28.0,39.0
0.0,1.5,5.0,0.0,0.0,0.0,0.0,3.0,0.0,3.0,345.0,5.0,4.0,1.0,2.0,0.0,1.0,1.0,0.0,2.0,0.0,6.0,45.0
0.0673,1.5,1798.0,121.0,146.45,1.2103,0.0,3.0,0.0,5.0,345.0,3.0,4.0,5.0,1.0,0.0,1.0,0.0,0.0,12.0,0.0,15.0,39.0
0.0656,1.2,305.0,20.0,20.79,1.0395,0.0,1.0,0.0,5.0,345.0,5.0,4.0,3.0,1.0,0.0,1.0,1.0,0.0,3.0,0.0,15.0,39.0
0.1053,1.2,19.0,2.0,2.35,1.175,0.0,2.0,0.0,3.0,345.0,5.0,2.0,3.0,2.0,0.0,1.0,1.0,0.0,10.0,0.0,6.0,45.0
0.0192,1.0,52.0,1.0,0.88,0.88,0.0,6.0,0.0,5.0,360.0,5.0,4.0,3.0,2.0,0.0,1.0,1.0,0.0,4.0,1.0,0.0,22.0
0.0769,1.0,26.0,2.0,1.87,0.935,0.0,2.0,0.0,3.0,360.0,3.0,3.0,3.0,1.0,0.0,1.0,1.0,0.0,6.0,1.0,6.0,29.0
0.0312,1.1,512.0,16.0,15.79,0.9869,0.0,6.0,0.0,5.0,360.0,5.0,4.0,3.0,3.0,0.0,1.0,1.0,0.0,12.0,1.0,0.0,33.0
0.048,1.1,271.0,13.0,12.62,0.9708,0.0,5.0,0.0,4.0,360.0,4.0,4.0,3.0,2.0,0.0,0.0,0.0,0.0,11.0,0.0,11.0,5.0
0.0756,1.1,899.0,68.0,61.01,0.8972,0.0,5.0,0.0,4.0,360.0,4.0,4.0,3.0,2.0,0.0,0.0,0.0,0.0,11.0,0.0,15.0,8.0
0.0526,0.8,19.0,1.0,0.75,0.75,0.0,1.0,0.0,5.0,360.0,5.0,0.0,3.0,1.0,0.0,1.0,1.0,0.0,12.0,0.0,28.0,39.0
0.0,1.5,5.0,0.0,0.0,0.0,0.0,3.0,0.0,3.0,360.0,5.0,4.0,1.0,2.0,0.0,1.0,1.0,0.0,2.0,0.0,6.0,45.0
0.0659,1.5,2050.0,135.0,161.59,1.197,0.0,3.0,0.0,5.0,360.0,3.0,4.0,5.0,1.0,0.0,1.0,0.0,0.0,12.0,0.0,15.0,39.0
0.0657,1.2,335.0,22.0,23.04,1.0473,0.0,1.0,0.0,5.0,360.0,5.0,4.0,3.0,1.0,0.0,1.0,1.0,0.0,3.0,0.0,15.0,39.0
0.1,1.2,20.0,2.0,2.35,1.175,0.0,2.0,0.0,3.0,360.0,5.0,2.0,3.0,2.0,0.0,1.0,1.0,0.0,10.0,0.0,6.0,45.0
0.0192,1.0,52.0,1.0,0.88,0.88,0.0,6.0,0.0,5.0,375.0,5.0,4.0,3.0,2.0,0.0,1.0,1.0,0.0,4.0,1.0,0.0,22.0
0.0769,1.0,26.0,2.0,1.87,0.935,0.0,2.0,0.0,3.0,375.0,3.0,3.0,3.0,1.0,0.0,1.0,1.0,0.0,6.0,1.0,6.0,29.0
0.03,1.1,533.0,16.0,15.79,0.9869,0.0,6.0,0.0,5.0,375.0,5.0,4.0,3.0,3.0,0.0,1.0,1.0,0.0,12.0,1.0,0.0,33.0
0.048,1.1,271.0,13.0,12.62,0.9708,0.0,5.0,0.0,4.0,375.0,4.0,4.0,3.0,2.0,0.0,0.0,0.0,0.0,11.0,0.0,11.0,5.0
0.0756,1.1,899.0,68.0,61.01,0.8972,0.0,5.0,0.0,4.0,375.0,4.0,4.0,3.0,2.0,0.0,0.0,0.0,0.0,11.0,0.0,15.0,8.0
0.0476,0.8,21.0,1.0,0.75,0.75,0.0,1.0,0.0,5.0,375.0,5.0,0.0,3.0,1.0,0.0,1.0,1.0,0.0,12.0,0.0,28.0,39.0
0.0,1.5,5.0,0.0,0.0,0.0,0.0,3.0,0.0,3.0,375.0,5.0,4.0,1.0,2.0,0.0,1.0,1.0,0.0,2.0,0.0,6.0,45.0
0.0636,1.5,2234.0,142.0,167.77,1.1815,0.0,3.0,0.0,5.0,375.0,3.0,4.0,5.0,1.0,0.0,1.0,0.0,0.0,12.0,0.0,15.0,39.0
0.0689,1.2,363.0,25.0,26.12,1.0448,0.0,1.0,0.0,5.0,375.0,5.0,4.0,3.0,1.0,0.0,1.0,1.0,0.0,3.0,0.0,15.0,39.0
0.1,1.2,20.0,2.0,2.35,1.175,0.0,2.0,0.0,3.0,375.0,5.0,2.0,3.0,2.0,0.0,1.0,1.0,0.0,10.0,0.0,6.0,45.0
0.0189,1.0,53.0,1.0,0.88,0.88,0.0,6.0,0.0,5.0,390.0,5.0,4.0,3.0,2.0,0.0,1.0,1.0,0.0,4.0,1.0,0.0,22.0
0.0769,1.0,26.0,2.0,1.87,0.935,0.0,2.0,0.0,3.0,390.0,3.0,3.0,3.0,1.0,0.0,1.0,1.0,0.0,6.0,1.0,6.0,29.0
0.0288,1.1,556.0,16.0,15.79,0.9869,0.0,6.0,0.0,5.0,390.0,5.0,4.0,3.0,3.0,0.0,1.0,1.0,0.0,12.0,1.0,0.0,33.0
0.048,1.1,271.0,13.0,12.62,0.9708,0.0,5.0,0.0,4.0,390.0,4.0,4.0,3.0,2.0,0.0,0.0,0.0,0.0,11.0,0.0,11.0,5.0
0.0756,1.1,899.0,68.0,61.01,0.8972,0.0,5.0,0.0,4.0,390.0,4.0,4.0,3.0,2.0,0.0,0.0,0.0,0.0,11.0,0.0,15.0,8.0
0.0417,0.8,24.0,1.0,0.75,0.75,0.0,1.0,0.0,5.0,390.0,5.0,0.0,3.0,1.0,0.0,1.0,1.0,0.0,12.0,0.0,28.0,39.0
0.0,1.5,5.0,0.0,0.0,0.0,0.0,3.0,0.0,3.0,390.0,5.0,4.0,1.0,2.0,0.0,1.0,1.0,0.0,2.0,0.0,6.0,45.0
0.0617,1.5,2397.0,148.0,173.09,1.1695,0.0,3.0,0.0,5.0,390.0,3.0,4.0,5.0,1.0,0.0,1.0,0.0,0.0,12.0,0.0,15.0,39.0
0.068,1.2,397.0,27.0,28.06,1.0393,0.0,1.0,0.0,5.0,390.0,5.0,4.0,3.0,1.0,0.0,1.0,1.0,0.0,3.0,0.0,15.0,39.0
0.1,1.2,20.0,2.0,2.35,1.175,0.0,2.0,0.0,3.0,390.0,5.0,2.0,3.0,2.0,0.0,1.0,1.0,0.0,10.0,0.0,6.0,45.0
0.0185,1.0,54.0,1.0,0.88,0.88,0.0,6.0,0.0,5.0,405.0,5.0,4.0,3.0,2.0,0.0,1.0,1.0,0.0,4.0,1.0,0.0,22.0
0.0769,1.0,26.0,2.0,1.87,0.935,0.0,2.0,0.0,3.0,405.0,3.0,3.0,3.0,1.0,0.0,1.0,1.0,0.0,6.0,1.0,6.0,29.0
0.0297,1.1,573.0,17.0,16.84,0.9906,0.0,6.0,0.0,5.0,405.0,5.0,4.0,3.0,3.0,0.0,1.0,1.0,0.0,12.0,1.0,0.0,33.0
0.048,1.1,271.0,13.0,12.62,0.9708,0.0,5.0,0.0,4.0,405.0,4.0,4.0,3.0,2.0,0.0,0.0,0.0,0.0,11.0,0.0,11.0,5.0
0.0756,1.1,899.0,68.0,61.01,0.8972,0.0,5.0,0.0,4.0,405.0,4.0,4.0,3.0,2.0,0.0,0.0,0.0,0.0,11.0,0.0,15.0,8.0
0.0417,0.8,24.0,1.0,0.75,0.75,0.0,1.0,0.0,5.0,405.0,5.0,0.0,3.0,1.0,0.0,1.0,1.0,0.0,12.0,0.0,28.0,39.0
0.0,1.5,5.0,0.0,0.0,0.0,0.0,3.0,0.0,3.0,405.0,5.0,4.0,1.0,2.0,0.0,1.0,1.0,0.0,2.0,0.0,6.0,45.0
0.0622,1.5,2572.0,160.0,185.24,1.1578,0.0,3.0,0.0,5.0,405.0,3.0,4.0,5.0,1.0,0.0,1.0,0.0,0.0,12.0,0.0,15.0,39.0
0.0724,1.2,428.0,31.0,32.71,1.0552,0.0,1.0,0.0,5.0,405.0,5.0,4.0,3.0,1.0,0.0,1.0,1.0,0.0,3.0,0.0,15.0,39.0
0.1,1.2,20.0,2.0,2.35,1.175,0.0,2.0,0.0,3.0,405.0,5.0,2.0,3.0,2.0,0.0,1.0,1.0,0.0,10.0,0.0,6.0,45.0
0.0179,1.0,56.0,1.0,0.88,0.88,0.0,6.0,0.0,5.0,420.0,5.0,4.0,3.0,2.0,0.0,1.0,1.0,0.0,4.0,1.0,0.0,22.0
0.0769,1.0,26.0,2.0,1.87,0.935,0.0,2.0,0.0,3.0,420.0,3.0,3.0,3.0,1.0,0.0,1.0,1.0,0.0,6.0,1.0,6.0,29.0
0.0291,1.1,584.0,17.0,16.84,0.9906,0.0,6.0,0.0,5.0,420.0,5.0,4.0,3.0,3.0,0.0,1.0,1.0,0.0,12.0,1.0,0.0,33.0
0.048,1.1,271.0,13.0,12.62,0.9708,0.0,5.0,0.0,4.0,420.0,4.0,4.0,3.0,2.0,0.0,0.0,0.0,0.0,11.0,0.0,11.0,5.0
0.0756,1.1,899.0,68.0,61.01,0.8972,0.0,5.0,0.0,4.0,420.0,4.0,4.0,3.0,2.0,0.0,0.0,0.0,0.0,11.0,0.0,15.0,8.0
0.0417,0.8,24.0,1.0,0.75,0.75,0.0,1.0,0.0,5.0,420.0,5.0,0.0,3.0,1.0,0.0,1.0,1.0,0.0,12.0,0.0,28.0,39.0
0.0,1.5,5.0,0.0,0.0,0.0,0.0,3.0,0.0,3.0,420.0,5.0,4.0,1.0,2.0,0.0,1.0,1.0,0.0,2.0,0.0,6.0,45.0
0.0627,1.5,2694.0,169.0,192.6,1.1396,0.0,3.0,0.0,5.0,420.0,3.0,4.0,5.0,1.0,0.0,1.0,0.0,0.0,12.0,0.0,15.0,39.0
0.0716,1.2,447.0,32.0,33.9,1.0594,0.0,1.0,0.0,5.0,420.0,5.0,4.0,3.0,1.0,0.0,1.0,1.0,0.0,3.0,0.0,15.0,39.0
0.1,1.2,20.0,2.0,2.35,1.175,0.0,2.0,0.0,3.0,420.0,5.0,2.0,3.0,2.0,0.0,1.0,1.0,0.0,10.0,0.0,6.0,45.0
0.0172,1.0,58.0,1.0,0.88,0.88,0.0,6.0,0.0,5.0,435.0,5.0,4.0,3.0,2.0,0.0,1.0,1.0,0.0,4.0,1.0,0.0,22.0
0.0769,1.0,26.0,2.0,1.87,0.935,0.0,2.0,0.0,3.0,435.0,3.0,3.0,3.0,1.0,0.0,1.0,1.0,0.0,6.0,1.0,6.0,29.0
0.0305,1.1,591.0,18.0,17.94,0.9967,0.0,6.0,0.0,5.0,435.0,5.0,4.0,3.0,3.0,0.0,1.0,1.0,0.0,12.0,1.0,0.0,33.0
0.048,1.1,271.0,13.0,12.62,0.9708,0.0,5.0,0.0,4.0,435.0,4.0,4.0,3.0,2.0,0.0,0.0,0.0,0.0,11.0,0.0,11.0,5.0
0.0756,1.1,899.0,68.0,61.01,0.8972,0.0,5.0,0.0,4.0,435.0,4.0,4.0,3.0,2.0,0.0,0.0,0.0,0.0,11.0,0.0,15.0,8.0
0.04,0.8,25.0,1.0,0.75,0.75,0.0,1.0,0.0,5.0,435.0,5.0,0.0,3.0,1.0,0.0,1.0,1.0,0.0,12.0,0.0,28.0,39.0
0.0,1.5,5.0,0.0,0.0,0.0,0.0,3.0,0.0,3.0,435.0,5.0,4.0,1.0,2.0,0.0,1.0,1.0,0.0,2.0,0.0,6.0,45.0
0.0614,1.5,2802.0,172.0,196.17,1.1405,0.0,3.0,0.0,5.0,435.0,3.0,4.0,5.0,1.0,0.0,1.0,0.0,0.0,12.0,0.0,15.0,39.0
0.0717,1.2,488.0,35.0,37.41,1.0689,0.0,1.0,0.0,5.0,435.0,5.0,4.0,3.0,1.0,0.0,1.0,1.0,0.0,3.0,0.0,15.0,39.0
0.1,1.2,20.0,2.0,2.35,1.175,0.0,2.0,0.0,3.0,435.0,5.0,2.0,3.0,2.0,0.0,1.0,1.0,0.0,10.0,0.0,6.0,45.0
0.0172,1.0,58.0,1.0,0.88,0.88,0.0,6.0,0.0,5.0,450.0,5.0,4.0,3.0,2.0,0.0,1.0,1.0,0.0,4.0,1.0,0.0,22.0
0.0769,1.0,26.0,2.0,1.87,0.935,0.0,2.0,0.0,3.0,450.0,3.0,3.0,3.0,1.0,0.0,1.0,1.0,0.0,6.0,1.0,6.0,29.0
0.031,1.1,613.0,19.0,19.03,1.0016,0.0,6.0,0.0,5.0,450.0,5.0,4.0,3.0,3.0,0.0,1.0,1.0,0.0,12.0,1.0,0.0,33.0
0.048,1.1,271.0,13.0,12.62,0.9708,0.0,5.0,0.0,4.0,450.0,4.0,4.0,3.0,2.0,0.0,0.0,0.0,0.0,11.0,0.0,11.0,5.0
0.0756,1.1,899.0,68.0,61.01,0.8972,0.0,5.0,0.0,4.0,450.0,4.0,4.0,3.0,2.0,0.0,0.0,0.0,0.0,11.0,0.0,15.0,8.0
0.037,0.8,27.0,1.0,0.75,0.75,0.0,1.0,0.0,5.0,450.0,5.0,0.0,3.0,1.0,0.0,1.0,1.0,0.0,12.0,0.0,28.0,39.0
0.0,1.5,5.0,0.0,0.0,0.0,0.0,3.0,0.0,3.0,450.0,5.0,4.0,1.0,2.0,0.0,1.0,1.0,0.0,2.0,0.0,6.0,45.0
0.0611,1.5,2929.0,179.0,205.69,1.1491,0.0,3.0,0.0,5.0,450.0,3.0,4.0,5.0,1.0,0.0,1.0,0.0,0.0,12.0,0.0,15.0,39.0
0.0716,1.2,517.0,37.0,39.74,1.0741,0.0,1.0,0.0,5.0,450.0,5.0,4.0,3.0,1.0,0.0,1.0,1.0,0.0,3.0,0.0,15.0,39.0
0.1,1.2,20.0,2.0,2.35,1.175,0.0,2.0,0.0,3.0,450.0,5.0,2.0,3.0,2.0,0.0,1.0,1.0,0.0,10.0,0.0,6.0,45.0
0.0172,1.0,58.0,1.0,0.88,0.88,0.0,6.0,0.0,5.0,465.0,5.0,4.0,3.0,2.0,0.0,1.0,1.0,0.0,4.0,1.0,0.0,22.0
0.0769,1.0,26.0,2.0,1.87,0.935,0.0,2.0,0.0,3.0,465.0,3.0,3.0,3.0,1.0,0.0,1.0,1.0,0.0,6.0,1.0,6.0,29.0
0.0303,1.1,627.0,19.0,19.03,1.0016,0.0,6.0,0.0,5.0,465.0,5.0,4.0,3.0,3.0,0.0,1.0,1.0,0.0,12.0,1.0,0.0,33.0
0.048,1.1,271.0,13.0,12.62,0.9708,0.0,5.0,0.0,4.0,465.0,4.0,4.0,3.0,2.0,0.0,0.0,0.0,0.0,11.0,0.0,11.0,5.0
0.0756,1.1,899.0,68.0,61.01,0.8972,0.0,5.0,0.0,4.0,465.0,4.0,4.0,3.0,2.0,0.0,0.0,0.0,0.0,11.0,0.0,15.0,8.0
0.037,0.8,27.0,1.0,0.75,0.75,0.0,1.0,0.0,5.0,465.0,5.0,0.0,3.0,1.0,0.0,1.0,1.0,0.0,12.0,0.0,28.0,39.0
0.0,1.5,5.0,0.0,0.0,0.0,0.0,3.0,0.0,3.0,465.0,5.0,4.0,1.0,2.0,0.0,1.0,1.0,0.0,2.0,0.0,6.0,45.0
0.0608,1.5,3075.0,187.0,214.1,1.1449,0.0,3.0,0.0,5.0,465.0,3.0,4.0,5.0,1.0,0.0,1.0,0.0,0.0,12.0,0.0,15.0,39.0
0.0708,1.2,551.0,39.0,41.96,1.0759,0.0,1.0,0.0,5.0,465.0,5.0,4.0,3.0,1.0,0.0,1.0,1.0,0.0,3.0,0.0,15.0,39.0
0.1,1.2,20.0,2.0,2.35,1.175,0.0,2.0,0.0,3.0,465.0,5.0,2.0,3.0,2.0,0.0,1.0,1.0,0.0,10.0,0.0,6.0,45.0
0.0172,1.0,58.0,1.0,0.88,0.88,0.0,6.0,0.0,5.0,480.0,5.0,4.0,3.0,2.0,0.0,1.0,1.0,0.0,4.0,1.0,0.0,22.0
0.0769,1.0,26.0,2.0,1.87,0.935,0.0,2.0,0.0,3.0,480.0,3.0,3.0,3.0,1.0,0.0,1.0,1.0,0.0,6.0,1.0,6.0,29.0
0.03,1.1,634.0,19.0,19.03,1.0016,0.0,6.0,0.0,5.0,480.0,5.0,4.0,3.0,3.0,0.0,1.0,1.0,0.0,12.0,1.0,0.0,33.0
0.0487,1.1,267.0,13.0,12.62,0.9708,0.0,5.0,0.0,4.0,480.0,4.0,4.0,3.0,2.0,0.0,0.0,0.0,0.0,11.0,0.0,11.0,5.0
0.078,1.1,872.0,68.0,61.01,0.8972,0.0,5.0,0.0,4.0,480.0,4.0,4.0,3.0,2.0,0.0,0.0,0.0,0.0,11.0,0.0,15.0,8.0
0.0333,0.8,30.0,1.0,0.75,0.75,0.0,1.0,0.0,5.0,480.0,5.0,0.0,3.0,1.0,0.0,1.0,1.0,0.0,12.0,0.0,28.0,39.0
0.0,1.5,6.0,0.0,0.0,0.0,0.0,3.0,0.0,3.0,480.0,5.0,4.0,1.0,2.0,0.0,1.0,1.0,0.0,2.0,0.0,6.0,45.0
0.0598,1.5,3226.0,193.0,221.86,1.1495,0.0,3.0,0.0,5.0,480.0,3.0,4.0,5.0,1.0,0.0,1.0,0.0,0.0,12.0,0.0,15.0,39.0
0.0702,1.2,570.0,40.0,43.16,1.079,0.0,1.0,0.0,5.0,480.0,5.0,4.0,3.0,1.0,0.0,1.0,1.0,0.0,3.0,0.0,15.0,39.0
0.1053,1.2,19.0,2.0,2.35,1.175,0.0,2.0,0.0,3.0,480.0,5.0,2.0,3.0,2.0,0.0,1.0,1.0,0.0,10.0,0.0,6.0,45.0
0.0169,1.0,59.0,1.0,0.88,0.88,0.0,6.0,0.0,5.0,495.0,5.0,4.0,3.0,2.0,0.0,1.0,1.0,0.0,4.0,1.0,0.0,22.0
0.0769,1.0,26.0,2.0,1.87,0.935,0.0,2.0,0.0,3.0,495.0,3.0,3.0,3.0,1.0,0.0,1.0,1.0,0.0,6.0,1.0,6.0,29.0
0.0291,1.1,653.0,19.0,19.03,1.0016,0.0,6.0,0.0,5.0,495.0,5.0,4.0,3.0,3.0,0.0,1.0,1.0,0.0,12.0,1.0,0.0,33.0
0.0487,1.1,267.0,13.0,12.62,0.9708,0.0,5.0,0.0,4.0,495.0,4.0,4.0,3.0,2.0,0.0,0.0,0.0,0.0,11.0,0.0,11.0,5.0
0.078,1.1,872.0,68.0,61.01,0.8972,0.0,5.0,0.0,4.0,495.0,4.0,4.0,3.0,2.0,0.0,0.0,0.0,0.0,11.0,0.0,15.0,8.0
0.0323,0.8,31.0,1.0,0.75,0.75,0.0,1.0,0.0,5.0,495.0,5.0,0.0,3.0,1.0,0.0,1.0,1.0,0.0,12.0,0.0,28.0,39.0
0.0,1.5,6.0,0.0,0.0,0.0,0.0,3.0,0.0,3.0,495.0,5.0,4.0,1.0,2.0,0.0,1.0,1.0,0.0,2.0,0.0,6.0,45.0
0.0572,1.5,3429.0,196.0,225.95,1.1528,0.0,3.0,0.0,5.0,495.0,3.0,4.0,5.0,1.0,0.0,1.0,0.0,0.0,12.0,0.0,15.0,39.0
0.0684,1.2,599.0,41.0,44.36,1.082,0.0,1.0,0.0,5.0,495.0,5.0,4.0,3.0,1.0,0.0,1.0,1.0,0.0,3.0,0.0,15.0,39.0
0.1053,1.2,19.0,2.0,2.35,1.175,0.0,2.0,0.0,3.0,495.0,5.0,2.0,3.0,2.0,0.0,1.0,1.0,0.0,10.0,0.0,6.0,45.0
0.0167,1.0,60.0,1.0,0.88,0.88,0.0,6.0,0.0,5.0,510.0,5.0,4.0,3.0,2.0,0.0,1.0,1.0,0.0,4.0,1.0,0.0,22.0
0.0769,1.0,26.0,2.0,1.87,0.935,0.0,2.0,0.0,3.0,510.0,3.0,3.0,3.0,1.0,0.0,1.0,1.0,0.0,6.0,1.0,6.0,29.0
0.0286,1.1,664.0,19.0,19.03,1.0016,0.0,6.0,0.0,5.0,510.0,5.0,4.0,3.0,3.0,0.0,1.0,1.0,0.0,12.0,1.0,0.0,33.0
0.0487,1.1,267.0,13.0,12.62,0.9708,0.0,5.0,0.0,4.0,510.0,4.0,4.0,3.0,2.0,0.0,0.0,0.0,0.0,11.0,0.0,11.0,5.0
0.078,1.1,872.0,68.0,61.01,0.8972,0.0,5.0,0.0,4.0,510.0,4.0,4.0,3.0,2.0,0.0,0.0,0.0,0.0,11.0,0.0,15.0,8.0
0.0323,0.8,31.0,1.0,0.75,0.75,0.0,1.0,0.0,5.0,510.0,5.0,0.0,3.0,1.0,0.0,1.0,1.0,0.0,12.0,0.0,28.0,39.0
0.0,1.5,6.0,0.0,0.0,0.0,0.0,3.0,0.0,3.0,510.0,5.0,4.0,1.0,2.0,0.0,1.0,1.0,0.0,2.0,0.0,6.0,45.0
0.056,1.5,3607.0,202.0,232.04,1.1487,0.0,3.0,0.0,5.0,510.0,3.0,4.0,5.0,1.0,0.0,1.0,0.0,0.0,12.0,0.0,15.0,39.0
0.0683,1.2,615.0,42.0,45.47,1.0826,0.0,1.0,0.0,5.0,510.0,5.0,4.0,3.0,1.0,0.0,1.0,1.0,0.0,3.0,0.0,15.0,39.0
0.1053,1.2,19.0,2.0,2.35,1.175,0.0,2.0,0.0,3.0,510.0,5.0,2.0,3.0,2.0,0.0,1.0,1.0,0.0,10.0,0.0,6.0,45.0
0.0167,1.0,60.0,1.0,0.88,0.88,0.0,6.0,0.0,5.0,525.0,5.0,4.0,3.0,2.0,0.0,1.0,1.0,0.0,4.0,1.0,0.0,22.0
0.0769,1.0,26.0,2.0,1.87,0.935,0.0,2.0,0.0,3.0,525.0,3.0,3.0,3.0,1.0,0.0,1.0,1.0,0.0,6.0,1.0,6.0,29.0
0.0275,1.1,691.0,19.0,19.03,1.0016,0.0,6.0,0.0,5.0,525.0,5.0,4.0,3.0,3.0,0.0,1.0,1.0,0.0,12.0,1.0,0.0,33.0
0.0476,1.1,273.0,13.0,12.62,0.9708,0.0,5.0,0.0,4.0,525.0,4.0,4.0,3.0,2.0,0.0,0.0,0.0,0.0,11.0,0.0,11.0,5.0
0.0751,1.1,905.0,68.0,61.01,0.8972,0.0,5.0,0.0,4.0,525.0,4.0,4.0,3.0,2.0,0.0,0.0,0.0,0.0,11.0,0.0,15.0,8.0
0.0312,0.8,32.0,1.0,0.75,0.75,0.0,1.0,0.0,5.0,525.0,5.0,0.0,3.0,1.0,0.0,1.0,1.0,0.0,12.0,0.0,28.0,39.0
0.0,1.5,6.0,0.0,0.0,0.0,0.0,3.0,0.0,3.0,525.0,5.0,4.0,1.0,2.0,0.0,1.0,1.0,0.0,2.0,0.0,6.0,45.0
0.0535,1.5,3886.0,208.0,238.89,1.1485,0.0,3.0,0.0,5.0,525.0,3.0,4.0,5.0,1.0,0.0,1.0,0.0,0.0,12.0,0.0,15.0,39.0
0.0661,1.2,635.0,42.0,45.47,1.0826,0.0,1.0,0.0,5.0,525.0,5.0,4.0,3.0,1.0,0.0,1.0,1.0,0.0,3.0,0.0,15.0,39.0
0.1,1.2,20.0,2.0,2.35,1.175,0.0,2.0,0.0,3.0,525.0,5.0,2.0,3.0,2.0,0.0,1.0,1.0,0.0,10.0,0.0,6.0,45.0
0.0154,1.0,65.0,1.0,0.88,0.88,0.0,6.0,0.0,5.0,540.0,5.0,4.0,3.0,2.0,0.0,1.0,1.0,0.0,4.0,1.0,0.0,22.0
0.0769,1.0,26.0,2.0,1.87,0.935,0.0,2.0,0.0,3.0,540.0,3.0,3.0,3.0,1.0,0.0,1.0,1.0,0.0,6.0,1.0,6.0,29.0
0.0281,1.1,711.0,20.0,20.09,1.0045,0.0,6.0,0.0,5.0,540.0,5.0,4.0,3.0,3.0,0.0,1.0,1.0,0.0,12.0,1.0,0.0,33.0
0.0476,1.1,273.0,13.0,12.62,0.9708,0.0,5.0,0.0,4.0,540.0,4.0,4.0,3.0,2.0,0.0,0.0,0.0,0.0,11.0,0.0,11.0,5.0
0.0751,1.1,905.0,68.0,61.01,0.8972,0.0,5.0,0.0,4.0,540.0,4.0,4.0,3.0,2.0,0.0,0.0,0.0,0.0,11.0,0.0,15.0,8.0
0.0312,0.8,32.0,1.0,0.75,0.75,0.0,1.0,0.0,5.0,540.0,5.0,0.0,3.0,1.0,0.0,1.0,1.0,0.0,12.0,0.0,28.0,39.0
0.0,1.5,6.0,0.0,0.0,0.0,0.0,3.0,0.0,3.0,540.0,5.0,4.0,1.0,2.0,0.0,1.0,1.0,0.0,2.0,0.0,6.0,45.0
0.0518,1.5,4147.0,215.0,247.98,1.1534,0.0,3.0,0.0,5.0,540.0,3.0,4.0,5.0,1.0,0.0,1.0,0.0,0.0,12.0,0.0,15.0,39.0
0.0645,1.2,667.0,43.0,46.56,1.0828,0.0,1.0,0.0,5.0,540.0,5.0,4.0,3.0,1.0,0.0,1.0,1.0,0.0,3.0,0.0,15.0,39.0
0.1,1.2,20.0,2.0,2.35,1.175,0.0,2.0,0.0,3.0,540.0,5.0,2.0,3.0,2.0,0.0,1.0,1.0,0.0,10.0,0.0,6.0,45.0
0.0135,1.0,74.0,1.0,0.88,0.88,0.0,6.0,0.0,5.0,555.0,5.0,4.0,3.0,2.0,0.0,1.0,1.0,0.0,4.0,1.0,0.0,22.0
0.0769,1.0,26.0,2.0,1.87,0.935,0.0,2.0,0.0,3.0,555.0,3.0,3.0,3.0,1.0,0.0,1.0,1.0,0.0,6.0,1.0,6.0,29.0
0.0282,1.1,745.0,21.0,21.17,1.0081,0.0,6.0,0.0,5.0,555.0,5.0,4.0,3.0,3.0,0.0,1.0,1.0,0.0,12.0,1.0,0.0,33.0
0.0476,1.1,273.0,13.0,12.62,0.9708,0.0,5.0,0.0,4.0,555.0,4.0,4.0,3.0,2.0,0.0,0.0,0.0,0.0,11.0,0.0,11.0,5.0
0.0751,1.1,905.0,68.0,61.01,0.8972,0.0,5.0,0.0,4.0,555.0,4.0,4.0,3.0,2.0,0.0,0.0,0.0,0.0,11.0,0.0,15.0,8.0
0.0303,0.8,33.0,1.0,0.75,0.75,0.0,1.0,0.0,5.0,555.0,5.0,0.0,3.0,1.0,0.0,1.0,1.0,0.0,12.0,0.0,28.0,39.0
0.0,1.5,6.0,0.0,0.0,0.0,0.0,3.0,0.0,3.0,555.0,5.0,4.0,1.0,2.0,0.0,1.0,1.0,0.0,2.0,0.0,6.0,45.0
0.0499,1.5,4587.0,229.0,263.03,1.1486,0.0,3.0,0.0,5.0,555.0,3.0,4.0,5.0,1.0,0.0,1.0,0.0,0.0,12.0,0.0,15.0,39.0
0.062,1.2,710.0,44.0,47.59,1.0816,0.0,1.0,0.0,5.0,555.0,5.0,4.0,3.0,1.0,0.0,1.0,1.0,0.0,3.0,0.0,15.0,39.0
0.1,1.2,20.0,2.0,2.35,1.175,0.0,2.0,0.0,3.0,555.0,5.0,2.0,3.0,2.0,0.0,1.0,1.0,0.0,10.0,0.0,6.0,45.0
0.0122,1.0,82.0,1.0,0.88,0.88,0.0,6.0,0.0,5.0,570.0,5.0,4.0,3.0,2.0,0.0,1.0,1.0,0.0,4.0,1.0,0.0,22.0
0.0769,1.0,26.0,2.0,1.87,0.935,0.0,2.0,0.0,3.0,570.0,3.0,3.0,3.0,1.0,0.0,1.0,1.0,0.0,6.0,1.0,6.0,29.0
0.028,1.1,785.0,22.0,22.26,1.0118,0.0,6.0,0.0,5.0,570.0,5.0,4.0,3.0,3.0,0.0,1.0,1.0,0.0,12.0,1.0,0.0,33.0
0.0476,1.1,273.0,13.0,12.62,0.9708,0.0,5.0,0.0,4.0,570.0,4.0,4.0,3.0,2.0,0.0,0.0,0.0,0.0,11.0,0.0,11.0,5.0
0.0751,1.1,905.0,68.0,61.01,0.8972,0.0,5.0,0.0,4.0,570.0,4.0,4.0,3.0,2.0,0.0,0.0,0.0,0.0,11.0,0.0,15.0,8.0
0.0294,0.8,34.0,1.0,0.75,0.75,0.0,1.0,0.0,5.0,570.0,5.0,0.0,3.0,1.0,0.0,1.0,1.0,0.0,12.0,0.0,28.0,39.0
0.0,1.5,6.0,0.0,0.0,0.0,0.0,3.0,0.0,3.0,570.0,5.0,4.0,1.0,2.0,0.0,1.0,1.0,0.0,2.0,0.0,6.0,45.0
0.0473,1.5,5012.0,237.0,272.34,1.1491,0.0,3.0,0.0,5.0,570.0,3.0,4.0,5.0,1.0,0.0,1.0,0.0,0.0,12.0,0.0,15.0,39.0
0.0598,1.2,753.0,45.0,48.71,1.0824,0.0,1.0,0.0,5.0,570.0,5.0,4.0,3.0,1.0,0.0,1.0,1.0,0.0,3.0,0.0,15.0,39.0
0.1,1.2,20.0,2.0,2.35,1.175,0.0,2.0,0.0,3.0,570.0,5.0,2.0,3.0,2.0,0.0,1.0,1.0,0.0,10.0,0.0,6.0,45.0
0.0112,1.0,89.0,1.0,0.88,0.88,0.0,6.0,0.0,5.0,585.0,5.0,4.0,3.0,2.0,0.0,1.0,1.0,0.0,4.0,1.0,0.0,22.0
0.0769,1.0,26.0,2.0,1.87,0.935,0.0,2.0,0.0,3.0,585.0,3.0,3.0,3.0,1.0,0.0,1.0,1.0,0.0,6.0,1.0,6.0,29.0
0.0274,1.1,838.0,23.0,23.19,1.0083,0.0,6.0,0.0,5.0,585.0,5.0,4.0,3.0,3.0,0.0,1.0,1.0,0.0,12.0,1.0,0.0,33.0
0.0476,1.1,273.0,13.0,12.62,0.9708,0.0,5.0,0.0,4.0,585.0,4.0,4.0,3.0,2.0,0.0,0.0,0.0,0.0,11.0,0.0,11.0,5.0
0.0751,1.1,905.0,68.0,61.01,0.8972,0.0,5.0,0.0,4.0,585.0,4.0,4.0,3.0,2.0,0.0,0.0,0.0,0.0,11.0,0.0,15.0,8.0
0.0286,0.8,35.0,1.0,0.75,0.75,0.0,1.0,0.0,5.0,585.0,5.0,0.0,3.0,1.0,0.0,1.0,1.0,0.0,12.0,0.0,28.0,39.0
0.0,1.5,6.0,0.0,0.0,0.0,0.0,3.0,0.0,3.0,585.0,5.0,4.0,1.0,2.0,0.0,1.0,1.0,0.0,2.0,0.0,6.0,45.0
0.0455,1.5,5431.0,247.0,282.92,1.1454,0.0,3.0,0.0,5.0,585.0,3.0,4.0,5.0,1.0,0.0,1.0,0.0,0.0,12.0,0.0,15.0,39.0
0.0574,1.2,801.0,46.0,49.88,1.0843,0.0,1.0,0.0,5.0,585.0,5.0,4.0,3.0,1.0,0.0,1.0,1.0,0.0,3.0,0.0,15.0,39.0
0.1,1.2,20.0,2.0,2.35,1.175,0.0,2.0,0.0,3.0,585.0,5.0,2.0,3.0,2.0,0.0,1.0,1.0,0.0,10.0,0.0,6.0,45.0
0.011,1.0,91.0,1.0,0.88,0.88,0.0,6.0,0.0,5.0,600.0,5.0,4.0,3.0,2.0,0.0,1.0,1.0,0.0,4.0,1.0,0.0,22.0
0.0769,1.0,26.0,2.0,1.87,0.935,0.0,2.0,0.0,3.0,600.0,3.0,3.0,3.0,1.0,0.0,1.0,1.0,0.0,6.0,1.0,6.0,29.0
0.0279,1.1,897.0,25.0,25.21,1.0084,0.0,6.0,0.0,5.0,600.0,5.0,4.0,3.0,3.0,0.0,1.0,1.0,0.0,12.0,1.0,0.0,33.0
0.0476,1.1,273.0,13.0,12.62,0.9708,0.0,5.0,0.0,4.0,600.0,4.0,4.0,3.0,2.0,0.0,0.0,0.0,0.0,11.0,0.0,11.0,5.0
0.0751,1.1,905.0,68.0,61.01,0.8972,0.0,5.0,0.0,4.0,600.0,4.0,4.0,3.0,2.0,0.0,0.0,0.0,0.0,11.0,0.0,15.0,8.0
0.0278,0.8,36.0,1.0,0.75,0.75,0.0,1.0,0.0,5.0,600.0,5.0,0.0,3.0,1.0,0.0,1.0,1.0,0.0,12.0,0.0,28.0,39.0
0.0,1.5,6.0,0.0,0.0,0.0,0.0,3.0,0.0,3.0,600.0,5.0,4.0,1.0,2.0,0.0,1.0,1.0,0.0,2.0,0.0,6.0,45.0
0.0446,1.5,5766.0,257.0,294.16,1.1446,0.0,3.0,0.0,5.0,600.0,3.0,4.0,5.0,1.0,0.0,1.0,0.0,0.0,12.0,0.0,15.0,39.0
0.0556,1.2,864.0,48.0,51.94,1.0821,0.0,1.0,0.0,5.0,600.0,5.0,4.0,3.0,1.0,0.0,1.0,1.0,0.0,3.0,0.0,15.0,39.0
0.1,1.2,20.0,2.0,2.35,1.175,0.0,2.0,0.0,3.0,600.0,5.0,2.0,3.0,2.0,0.0,1.0,1.0,0.0,10.0,0.0,6.0,45.0
0.0105,1.0,95.0,1.0,0.88,0.88,0.0,6.0,0.0,5.0,615.0,5.0,4.0,3.0,2.0,0.0,1.0,1.0,0.0,4.0,1.0,0.0,22.0
0.0645,1.0,31.0,2.0,1.87,0.935,0.0,2.0,0.0,3.0,615.0,3.0,3.0,3.0,1.0,0.0,1.0,1.0,0.0,6.0,1.0,6.0,29.0
0.0276,1.1,942.0,26.0,26.31,1.0119,0.0,6.0,0.0,5.0,615.0,5.0,4.0,3.0,3.0,0.0,1.0,1.0,0.0,12.0,1.0,0.0,33.0
0.01,0.66,1700.0,17.0,10.1,0.5941,1.0,0.0,0.0,2.0,615.0,5.0,5.0,3.0,1.0,0.0,1.0,1.0,0.0,12.0,0.0,29.0,16.0
0.0374,1.1,348.0,13.0,12.62,0.9708,0.0,5.0,0.0,4.0,615.0,4.0,4.0,3.0,2.0,0.0,0.0,0.0,0.0,11.0,0.0,11.0,5.0
0.0617,1.1,1280.0,79.0,71.73,0.908,0.0,5.0,0.0,4.0,615.0,4.0,4.0,3.0,2.0,0.0,0.0,0.0,0.0,11.0,0.0,15.0,8.0
0.025,0.8,40.0,1.0,0.75,0.75,0.0,1.0,0.0,5.0,615.0,5.0,0.0,3.0,1.0,0.0,1.0,1.0,0.0,12.0,0.0,28.0,39.0
0.0,1.0,2.0,0.0,0.0,0.0,0.0,5.0,0.0,1.0,615.0,1.0,4.0,3.0,3.0,0.0,3.0,0.0,0.0,0.0,0.0,15.0,46.0
0.0,1.5,6.0,0.0,0.0,0.0,0.0,3.0,0.0,3.0,615.0,5.0,4.0,1.0,2.0,0.0,1.0,1.0,0.0,2.0,0.0,6.0,45.0
0.0443,1.5,6027.0,267.0,305.85,1.1455,0.0,3.0,0.0,5.0,615.0,3.0,4.0,5.0,1.0,0.0,1.0,0.0,0.0,12.0,0.0,15.0,39.0
0.06,1.2,900.0,54.0,58.3,1.0796,0.0,1.0,0.0,5.0,615.0,5.0,4.0,3.0,1.0,0.0,1.0,1.0,0.0,3.0,0.0,15.0,39.0
0.0,1.1,2.0,0.0,0.0,0.0,0.0,4.0,0.0,1.0,615.0,4.0,4.0,3.0,2.0,0.0,0.0,0.0,0.0,11.0,0.0,13.0,44.0
0.087,1.2,23.0,2.0,2.35,1.175,0.0,2.0,0.0,3.0,615.0,5.0,2.0,3.0,2.0,0.0,1.0,1.0,0.0,10.0,0.0,6.0,45.0
0.0102,1.0,98.0,1.0,0.88,0.88,0.0,6.0,0.0,5.0,630.0,5.0,4.0,3.0,2.0,0.0,1.0,1.0,0.0,4.0,1.0,0.0,22.0
0.0476,1.0,42.0,2.0,1.87,0.935,0.0,2.0,0.0,3.0,630.0,3.0,3.0,3.0,1.0,0.0,1.0,1.0,0.0,6.0,1.0,6.0,29.0
0.0275,1.1,983.0,27.0,27.4,1.0148,0.0,6.0,0.0,5.0,630.0,5.0,4.0,3.0,3.0,0.0,1.0,1.0,0.0,12.0,1.0,0.0,33.0
0.0084,0.66,3104.0,26.0,15.5,0.5962,1.0,0.0,0.0,2.0,630.0,5.0,5.0,3.0,1.0,0.0,1.0,1.0,0.0,12.0,0.0,29.0,16.0
0.0404,1.1,445.0,18.0,17.81,0.9894,0.0,5.0,0.0,4.0,630.0,4.0,4.0,3.0,2.0,0.0,0.0,0.0,0.0,11.0,0.0,11.0,5.0
0.0505,1.1,1764.0,89.0,82.18,0.9234,0.0,5.0,0.0,4.0,630.0,4.0,4.0,3.0,2.0,0.0,0.0,0.0,0.0,11.0,0.0,15.0,8.0
0.025,0.8,40.0,1.0,0.75,0.75,0.0,1.0,0.0,5.0,630.0,5.0,0.0,3.0,1.0,0.0,1.0,1.0,0.0,12.0,0.0,28.0,39.0
0.1667,1.0,6.0,1.0,0.95,0.95,0.0,5.0,0.0,1.0,630.0,1.0,4.0,3.0,3.0,0.0,3.0,0.0,0.0,0.0,0.0,15.0,46.0
0.0,1.5,6.0,0.0,0.0,0.0,0.0,3.0,0.0,3.0,630.0,5.0,4.0,1.0,2.0,0.0,1.0,1.0,0.0,2.0,0.0,6.0,45.0
0.0435,1.5,6329.0,275.0,315.69,1.148,0.0,3.0,0.0,5.0,630.0,3.0,4.0,5.0,1.0,0.0,1.0,0.0,0.0,12.0,0.0,15.0,39.0
0.0591,1.2,931.0,55.0,59.24,1.0771,0.0,1.0,0.0,5.0,630.0,5.0,4.0,3.0,1.0,0.0,1.0,1.0,0.0,3.0,0.0,15.0,39.0
0.0,1.1,10.0,0.0,0.0,0.0,0.0,4.0,0.0,1.0,630.0,4.0,4.0,3.0,2.0,0.0,0.0,0.0,0.0,11.0,0.0,13.0,44.0
0.1111,1.2,27.0,3.0,3.55,1.1833,0.0,2.0,0.0,3.0,630.0,5.0,2.0,3.0,2.0,0.0,1.0,1.0,0.0,10.0,0.0,6.0,45.0
0.0102,1.0,98.0,1.0,0.88,0.88,0.0,6.0,0.0,5.0,645.0,5.0,4.0,3.0,2.0,0.0,1.0,1.0,0.0,4.0,1.0,0.0,22.0
0.0357,1.0,56.0,2.0,1.87,0.935,0.0,2.0,0.0,3.0,645.0,3.0,3.0,3.0,1.0,0.0,1.0,1.0,0.0,6.0,1.0,6.0,29.0
0.028,1.1,1000.0,28.0,28.3,1.0107,0.0,6.0,0.0,5.0,645.0,5.0,4.0,3.0,3.0,0.0,1.0,1.0,0.0,12.0,1.0,0.0,33.0
0.008,0.66,4490.0,36.0,21.82,0.6061,1.0,0.0,0.0,2.0,645.0,5.0,5.0,3.0,1.0,0.0,1.0,1.0,0.0,12.0,0.0,29.0,16.0
0.0399,1.1,601.0,24.0,24.21,1.0088,0.0,5.0,0.0,4.0,645.0,4.0,4.0,3.0,2.0,0.0,0.0,0.0,0.0,11.0,0.0,11.0,5.0
0.0452,1.1,2234.0,101.0,94.16,0.9323,0.0,5.0,0.0,4.0,645.0,4.0,4.0,3.0,2.0,0.0,0.0,0.0,0.0,11.0,0.0,15.0,8.0
0.0455,0.8,44.0,2.0,1.48,0.74,0.0,1.0,0.0,5.0,645.0,5.0,0.0,3.0,1.0,0.0,1.0,1.0,0.0,12.0,0.0,28.0,39.0
0.125,1.0,8.0,1.0,0.95,0.95,0.0,5.0,0.0,1.0,645.0,1.0,4.0,3.0,3.0,0.0,3.0,0.0,0.0,0.0,0.0,15.0,46.0
0.0,1.5,8.0,0.0,0.0,0.0,0.0,3.0,0.0,3.0,645.0,5.0,4.0,1.0,2.0,0.0,1.0,1.0,0.0,2.0,0.0,6.0,45.0
0.0419,1.5,6682.0,280.0,322.69,1.1525,0.0,3.0,0.0,5.0,645.0,3.0,4.0,5.0,1.0,0.0,1.0,0.0,0.0,12.0,0.0,15.0,39.0
0.0569,1.2,967.0,55.0,59.24,1.0771,0.0,1.0,0.0,5.0,645.0,5.0,4.0,3.0,1.0,0.0,1.0,1.0,0.0,3.0,0.0,15.0,39.0
0.0714,1.1,14.0,1.0,1.1,1.1,0.0,4.0,0.0,1.0,645.0,4.0,4.0,3.0,2.0,0.0,0.0,0.0,0.0,11.0,0.0,13.0,44.0
0.0938,1.2,32.0,3.0,3.55,1.1833,0.0,2.0,0.0,3.0,645.0,5.0,2.0,3.0,2.0,0.0,1.0,1.0,0.0,10.0,0.0,6.0,45.0
0.0098,1.0,102.0,1.0,0.88,0.88,0.0,6.0,0.0,5.0,660.0,5.0,4.0,3.0,2.0,0.0,1.0,1.0,0.0,4.0,1.0,0.0,22.0
0.0441,1.0,68.0,3.0,2.84,0.9467,0.0,2.0,0.0,3.0,660.0,3.0,3.0,3.0,1.0,0.0,1.0,1.0,0.0,6.0,1.0,6.0,29.0
0.0277,1.1,1012.0,28.0,28.3,1.0107,0.0,6.0,0.0,5.0,660.0,5.0,4.0,3.0,3.0,0.0,1.0,1.0,0.0,12.0,1.0,0.0,33.0
0.008,0.66,5618.0,45.0,27.06,0.6013,1.0,0.0,0.0,2.0,660.0,5.0,5.0,3.0,1.0,0.0,1.0,1.0,0.0,12.0,0.0,29.0,16.0
0.0332,1.1,784.0,26.0,26.29,1.0112,0.0,5.0,0.0,4.0,660.0,4.0,4.0,3.0,2.0,0.0,0.0,0.0,0.0,11.0,0.0,11.0,5.0
0.0447,1.1,2705.0,121.0,112.52,0.9299,0.0,5.0,0.0,4.0,660.0,4.0,4.0,3.0,2.0,0.0,0.0,0.0,0.0,11.0,0.0,15.0,8.0
0.0444,0.8,45.0,2.0,1.48,0.74,0.0,1.0,0.0,5.0,660.0,5.0,0.0,3.0,1.0,0.0,1.0,1.0,0.0,12.0,0.0,28.0,39.0
0.0833,1.0,12.0,1.0,0.95,0.95,0.0,5.0,0.0,1.0,660.0,1.0,4.0,3.0,3.0,0.0,3.0,0.0,0.0,0.0,0.0,15.0,46.0
0.0,1.5,9.0,0.0,0.0,0.0,0.0,3.0,0.0,3.0,660.0,5.0,4.0,1.0,2.0,0.0,1.0,1.0,0.0,2.0,0.0,6.0,45.0
0.0414,1.5,6997.0,290.0,334.65,1.154,0.0,3.0,0.0,5.0,660.0,3.0,4.0,5.0,1.0,0.0,1.0,0.0,0.0,12.0,0.0,15.0,39.0
0.0575,1.2,1008.0,58.0,62.55,1.0784,0.0,1.0,0.0,5.0,660.0,5.0,4.0,3.0,1.0,0.0,1.0,1.0,0.0,3.0,0.0,15.0,39.0
0.0556,1.1,18.0,1.0,1.1,1.1,0.0,4.0,0.0,1.0,660.0,4.0,4.0,3.0,2.0,0.0,0.0,0.0,0.0,11.0,0.0,13.0,44.0
0.0857,1.2,35.0,3.0,3.55,1.1833,0.0,2.0,0.0,3.0,660.0,5.0,2.0,3.0,2.0,0.0,1.0,1.0,0.0,10.0,0.0,6.0,45.0
0.0098,1.0,102.0,1.0,0.88,0.88,0.0,6.0,0.0,5.0,675.0,5.0,4.0,3.0,2.0,0.0,1.0,1.0,0.0,4.0,1.0,0.0,22.0
0.0375,1.0,80.0,3.0,2.84,0.9467,0.0,2.0,0.0,3.0,675.0,3.0,3.0,3.0,1.0,0.0,1.0,1.0,0.0,6.0,1.0,6.0,29.0
0.0274,1.1,1021.0,28.0,28.3,1.0107,0.0,6.0,0.0,5.0,675.0,5.0,4.0,3.0,3.0,0.0,1.0,1.0,0.0,12.0,1.0,0.0,33.0
0.009,0.66,6432.0,58.0,35.03,0.604,1.0,0.0,0.0,2.0,675.0,5.0,5.0,3.0,1.0,0.0,1.0,1.0,0.0,12.0,0.0,29.0,16.0
0.0294,1.1,986.0,29.0,29.29,1.01,0.0,5.0,0.0,4.0,675.0,4.0,4.0,3.0,2.0,0.0,0.0,0.0,0.0,11.0,0.0,11.0,5.0
0.0392,1.1,3622.0,142.0,127.62,0.8987,0.0,5.0,0.0,4.0,675.0,4.0,4.0,3.0,2.0,0.0,0.0,0.0,0.0,11.0,0.0,15.0,8.0
0.0417,0.8,48.0,2.0,1.48,0.74,0.0,1.0,0.0,5.0,675.0,5.0,0.0,3.0,1.0,0.0,1.0,1.0,0.0,12.0,0.0,28.0,39.0
0.0769,1.0,13.0,1.0,0.95,0.95,0.0,5.0,0.0,1.0,675.0,1.0,4.0,3.0,3.0,0.0,3.0,0.0,0.0,0.0,0.0,15.0,46.0
0.0,1.5,10.0,0.0,0.0,0.0,0.0,3.0,0.0,3.0,675.0,5.0,4.0,1.0,2.0,0.0,1.0,1.0,0.0,2.0,0.0,6.0,45.0
0.0413,1.5,7281.0,301.0,345.82,1.1489,0.0,3.0,0.0,5.0,675.0,3.0,4.0,5.0,1.0,0.0,1.0,0.0,0.0,12.0,0.0,15.0,39.0
0.0595,1.2,1042.0,62.0,67.11,1.0824,0.0,1.0,0.0,5.0,675.0,5.0,4.0,3.0,1.0,0.0,1.0,1.0,0.0,3.0,0.0,15.0,39.0
0.069,1.1,29.0,2.0,2.2,1.1,0.0,4.0,0.0,1.0,675.0,4.0,4.0,3.0,2.0,0.0,0.0,0.0,0.0,11.0,0.0,13.0,44.0
0.0833,1.2,36.0,3.0,3.55,1.1833,0.0,2.0,0.0,3.0,675.0,5.0,2.0,3.0,2.0,0.0,1.0,1.0,0.0,10.0,0.0,6.0,45.0
0.0098,1.0,102.0,1.0,0.88,0.88,0.0,6.0,0.0,5.0,690.0,5.0,4.0,3.0,2.0,0.0,1.0,1.0,0.0,4.0,1.0,0.0,22.0
0.033,1.0,91.0,3.0,2.84,0.9467,0.0,2.0,0.0,3.0,690.0,3.0,3.0,3.0,1.0,0.0,1.0,1.0,0.0,6.0,1.0,6.0,29.0
0.0272,1.1,1028.0,28.0,28.3,1.0107,0.0,6.0,0.0,5.0,690.0,5.0,4.0,3.0,3.0,0.0,1.0,1.0,0.0,12.0,1.0,0.0,33.0
0.0097,0.66,7208.0,70.0,41.84,0.5977,1.0,0.0,0.0,2.0,690.0,5.0,5.0,3.0,1.0,0.0,1.0,1.0,0.0,12.0,0.0,29.0,16.0
0.031,1.1,1195.0,37.0,37.12,1.0032,0.0,5.0,0.0,4.0,690.0,4.0,4.0,3.0,2.0,0.0,0.0,0.0,0.0,11.0,0.0,11.0,5.0
0.0373,1.1,4263.0,159.0,139.11,0.8749,0.0,5.0,0.0,4.0,690.0,4.0,4.0,3.0,2.0,0.0,0.0,0.0,0.0,11.0,0.0,15.0,8.0
0.0417,0.8,48.0,2.0,1.48,0.74,0.0,1.0,0.0,5.0,690.0,5.0,0.0,3.0,1.0,0.0,1.0,1.0,0.0,12.0,0.0,28.0,39.0
0.0625,1.0,16.0,1.0,0.95,0.95,0.0,5.0,0.0,1.0,690.0,1.0,4.0,3.0,3.0,0.0,3.0,0.0,0.0,0.0,0.0,15.0,46.0
0.0,1.5,10.0,0.0,0.0,0.0,0.0,3.0,0.0,3.0,690.0,5.0,4.0,1.0,2.0,0.0,1.0,1.0,0.0,2.0,0.0,6.0,45.0
0.0414,1.5,7507.0,311.0,356.5,1.1463,0.0,3.0,0.0,5.0,690.0,3.0,4.0,5.0,1.0,0.0,1.0,0.0,0.0,12.0,0.0,15.0,39.0
0.0589,1.2,1070.0,63.0,68.28,1.0838,0.0,1.0,0.0,5.0,690.0,5.0,4.0,3.0,1.0,0.0,1.0,1.0,0.0,3.0,0.0,15.0,39.0
0.0938,1.1,32.0,3.0,3.28,1.0933,0.0,4.0,0.0,1.0,690.0,4.0,4.0,3.0,2.0,0.0,0.0,0.0,0.0,11.0,0.0,13.0,44.0
0.0714,1.2,42.0,3.0,3.55,1.1833,0.0,2.0,0.0,3.0,690.0,5.0,2.0,3.0,2.0,0.0,1.0,1.0,0.0,10.0,0.0,6.0,45.0
0.0098,1.0,102.0,1.0,0.88,0.88,0.0,6.0,0.0,5.0,705.0,5.0,4.0,3.0,2.0,0.0,1.0,1.0,0.0,4.0,1.0,0.0,22.0
0.0291,1.0,103.0,3.0,2.84,0.9467,0.0,2.0,0.0,3.0,705.0,3.0,3.0,3.0,1.0,0.0,1.0,1.0,0.0,6.0,1.0,6.0,29.0
0.027,1.1,1036.0,28.0,28.3,1.0107,0.0,6.0,0.0,5.0,705.0,5.0,4.0,3.0,3.0,0.0,1.0,1.0,0.0,12.0,1.0,0.0,33.0
0.0099,0.66,7980.0,79.0,47.05,0.5956,1.0,0.0,0.0,2.0,705.0,5.0,5.0,3.0,1.0,0.0,1.0,1.0,0.0,12.0,0.0,29.0,16.0
0.0315,1.1,1367.0,43.0,43.2,1.0047,0.0,5.0,0.0,4.0,705.0,4.0,4.0,3.0,2.0,0.0,0.0,0.0,0.0,11.0,0.0,11.0,5.0
0.0379,1.1,4798.0,182.0,158.72,0.8721,0.0,5.0,0.0,4.0,705.0,4.0,4.0,3.0,2.0,0.0,0.0,0.0,0.0,11.0,0.0,15.0,8.0
0.04,0.8,50.0,2.0,1.48,0.74,0.0,1.0,0.0,5.0,705.0,5.0,0.0,3.0,1.0,0.0,1.0,1.0,0.0,12.0,0.0,28.0,39.0
0.1111,1.0,18.0,2.0,1.89,0.945,0.0,5.0,0.0,1.0,705.0,1.0,4.0,3.0,3.0,0.0,3.0,0.0,0.0,0.0,0.0,15.0,46.0
0.0,1.5,10.0,0.0,0.0,0.0,0.0,3.0,0.0,3.0,705.0,5.0,4.0,1.0,2.0,0.0,1.0,1.0,0.0,2.0,0.0,6.0,45.0
0.0419,1.5,7702.0,323.0,372.81,1.1542,0.0,3.0,0.0,5.0,705.0,3.0,4.0,5.0,1.0,0.0,1.0,0.0,0.0,12.0,0.0,15.0,39.0
0.0586,1.2,1093.0,64.0,69.42,1.0847,0.0,1.0,0.0,5.0,705.0,5.0,4.0,3.0,1.0,0.0,1.0,1.0,0.0,3.0,0.0,15.0,39.0
0.0857,1.1,35.0,3.0,3.28,1.0933,0.0,4.0,0.0,1.0,705.0,4.0,4.0,3.0,2.0,0.0,0.0,0.0,0.0,11.0,0.0,13.0,44.0
0.0638,1.2,47.0,3.0,3.55,1.1833,0.0,2.0,0.0,3.0,705.0,5.0,2.0,3.0,2.0,0.0,1.0,1.0,0.0,10.0,0.0,6.0,45.0
0.0097,1.0,103.0,1.0,0.88,0.88,0.0,6.0,0.0,5.0,720.0,5.0,4.0,3.0,2.0,0.0,1.0,1.0,0.0,4.0,1.0,0.0,22.0
0.0252,1.0,119.0,3.0,2.84,0.9467,0.0,2.0,0.0,3.0,720.0,3.0,3.0,3.0,1.0,0.0,1.0,1.0,0.0,6.0,1.0,6.0,29.0
0.0278,1.1,1045.0,29.0,29.37,1.0128,0.0,6.0,0.0,5.0,720.0,5.0,4.0,3.0,3.0,0.0,1.0,1.0,0.0,12.0,1.0,0.0,33.0
0.01,0.66,8671.0,87.0,51.74,0.5947,1.0,0.0,0.0,2.0,720.0,5.0,5.0,3.0,1.0,0.0,1.0,1.0,0.0,12.0,0.0,29.0,16.0
0.0299,1.1,1537.0,46.0,46.31,1.0067,0.0,5.0,0.0,4.0,720.0,4.0,4.0,3.0,2.0,0.0,0.0,0.0,0.0,11.0,0.0,11.0,5.0
0.038,1.1,5260.0,200.0,172.37,0.8619,0.0,5.0,0.0,4.0,720.0,4.0,4.0,3.0,2.0,0.0,0.0,0.0,0.0,11.0,0.0,15.0,8.0
0.0392,0.8,51.0,2.0,1.48,0.74,0.0,1.0,0.0,5.0,720.0,5.0,0.0,3.0,1.0,0.0,1.0,1.0,0.0,12.0,0.0,28.0,39.0
0.0952,1.0,21.0,2.0,1.89,0.945,0.0,5.0,0.0,1.0,720.0,1.0,4.0,3.0,3.0,0.0,3.0,0.0,0.0,0.0,0.0,15.0,46.0
0.0,1.5,12.0,0.0,0.0,0.0,0.0,3.0,0.0,3.0,720.0,5.0,4.0,1.0,2.0,0.0,1.0,1.0,0.0,2.0,0.0,6.0,45.0
0.0426,1.5,7896.0,336.0,387.22,1.1524,0.0,3.0,0.0,5.0,720.0,3.0,4.0,5.0,1.0,0.0,1.0,0.0,0.0,12.0,0.0,15.0,39.0
0.0576,1.2,1112.0,64.0,69.42,1.0847,0.0,1.0,0.0,5.0,720.0,5.0,4.0,3.0,1.0,0.0,1.0,1.0,0.0,3.0,0.0,15.0,39.0
0.0789,1.1,38.0,3.0,3.28,1.0933,0.0,4.0,0.0,1.0,720.0,4.0,4.0,3.0,2.0,0.0,0.0,0.0,0.0,11.0,0.0,13.0,44.0
0.0566,1.2,53.0,3.0,3.55,1.1833,0.0,2.0,0.0,3.0,720.0,5.0,2.0,3.0,2.0,0.0,1.0,1.0,0.0,10.0,0.0,6.0,45.0
0.0097,1.0,103.0,1.0,0.88,0.88,0.0,6.0,0.0,5.0,735.0,5.0,4.0,3.0,2.0,0.0,1.0,1.0,0.0,4.0,1.0,0.0,22.0
0.0221,1.0,136.0,3.0,2.84,0.9467,0.0,2.0,0.0,3.0,735.0,3.0,3.0,3.0,1.0,0.0,1.0,1.0,0.0,6.0,1.0,6.0,29.0
0.0277,1.1,1047.0,29.0,29.37,1.0128,0.0,6.0,0.0,5.0,735.0,5.0,4.0,3.0,3.0,0.0,1.0,1.0,0.0,12.0,1.0,0.0,33.0
0.0109,0.66,9288.0,101.0,59.29,0.587,1.0,0.0,0.0,2.0,735.0,5.0,5.0,3.0,1.0,0.0,1.0,1.0,0.0,12.0,0.0,29.0,16.0
0.0296,1.1,1690.0,50.0,50.35,1.007,0.0,5.0,0.0,4.0,735.0,4.0,4.0,3.0,2.0,0.0,0.0,0.0,0.0,11.0,0.0,11.0,5.0
0.0384,1.1,5684.0,218.0,188.39,0.8642,0.0,5.0,0.0,4.0,735.0,4.0,4.0,3.0,2.0,0.0,0.0,0.0,0.0,11.0,0.0,15.0,8.0
0.0392,0.8,51.0,2.0,1.48,0.74,0.0,1.0,0.0,5.0,735.0,5.0,0.0,3.0,1.0,0.0,1.0,1.0,0.0,12.0,0.0,28.0,39.0
0.087,1.0,23.0,2.0,1.89,0.945,0.0,5.0,0.0,1.0,735.0,1.0,4.0,3.0,3.0,0.0,3.0,0.0,0.0,0.0,0.0,15.0,46.0
0.0,1.5,13.0,0.0,0.0,0.0,0.0,3.0,0.0,3.0,735.0,5.0,4.0,1.0,2.0,0.0,1.0,1.0,0.0,2.0,0.0,6.0,45.0
0.0421,1.5,8026.0,338.0,389.8,1.1533,0.0,3.0,0.0,5.0,735.0,3.0,4.0,5.0,1.0,0.0,1.0,0.0,0.0,12.0,0.0,15.0,39.0
0.0579,1.2,1123.0,65.0,70.54,1.0852,0.0,1.0,0.0,5.0,735.0,5.0,4.0,3.0,1.0,0.0,1.0,1.0,0.0,3.0,0.0,15.0,39.0
0.075,1.1,40.0,3.0,3.28,1.0933,0.0,4.0,0.0,1.0,735.0,4.0,4.0,3.0,2.0,0.0,0.0,0.0,0.0,11.0,0.0,13.0,44.0
0.0517,1.2,58.0,3.0,3.55,1.1833,0.0,2.0,0.0,3.0,735.0,5.0,2.0,3.0,2.0,0.0,1.0,1.0,0.0,10.0,0.0,6.0,45.0
0.0098,1.0,102.0,1.0,0.88,0.88,0.0,6.0,0.0,5.0,750.0,5.0,4.0,3.0,2.0,0.0,1.0,1.0,0.0,4.0,1.0,0.0,22.0
0.0199,1.0,151.0,3.0,2.84,0.9467,0.0,2.0,0.0,3.0,750.0,3.0,3.0,3.0,1.0,0.0,1.0,1.0,0.0,6.0,1.0,6.0,29.0
0.0295,1.1,1050.0,31.0,31.45,1.0145,0.0,6.0,0.0,5.0,750.0,5.0,4.0,3.0,3.0,0.0,1.0,1.0,0.0,12.0,1.0,0.0,33.0
0.011,0.66,9898.0,109.0,64.19,0.5889,1.0,0.0,0.0,2.0,750.0,5.0,5.0,3.0,1.0,0.0,1.0,1.0,0.0,12.0,0.0,29.0,16.0
0.0309,1.1,1811.0,56.0,56.32,1.0057,0.0,5.0,0.0,4.0,750.0,4.0,4.0,3.0,2.0,0.0,0.0,0.0,0.0,11.0,0.0,11.0,5.0
0.0388,1.1,6136.0,238.0,204.01,0.8572,0.0,5.0,0.0,4.0,750.0,4.0,4.0,3.0,2.0,0.0,0.0,0.0,0.0,11.0,0.0,15.0,8.0
0.037,0.8,54.0,2.0,1.48,0.74,0.0,1.0,0.0,5.0,750.0,5.0,0.0,3.0,1.0,0.0,1.0,1.0,0.0,12.0,0.0,28.0,39.0
0.0769,1.0,26.0,2.0,1.89,0.945,0.0,5.0,0.0,1.0,750.0,1.0,4.0,3.0,3.0,0.0,3.0,0.0,0.0,0.0,0.0,15.0,46.0
0.0,1.5,14.0,0.0,0.0,0.0,0.0,3.0,0.0,3.0,750.0,5.0,4.0,1.0,2.0,0.0,1.0,1.0,0.0,2.0,0.0,6.0,45.0
0.0422,1.5,8178.0,345.0,397.82,1.1531,0.0,3.0,0.0,5.0,750.0,3.0,4.0,5.0,1.0,0.0,1.0,0.0,0.0,12.0,0.0,15.0,39.0
0.0572,1.2,1154.0,66.0,71.57,1.0844,0.0,1.0,0.0,5.0,750.0,5.0,4.0,3.0,1.0,0.0,1.0,1.0,0.0,3.0,0.0,15.0,39.0
0.0732,1.1,41.0,3.0,3.28,1.0933,0.0,4.0,0.0,1.0,750.0,4.0,4.0,3.0,2.0,0.0,0.0,0.0,0.0,11.0,0.0,13.0,44.0
0.0625,1.2,64.0,4.0,4.7,1.175,0.0,2.0,0.0,3.0,750.0,5.0,2.0,3.0,2.0,0.0,1.0,1.0,0.0,10.0,0.0,6.0,45.0
0.0098,1.0,102.0,1.0,0.88,0.88,0.0,6.0,0.0,5.0,765.0,5.0,4.0,3.0,2.0,0.0,1.0,1.0,0.0,4.0,1.0,0.0,22.0
0.0175,1.0,171.0,3.0,2.84,0.9467,0.0,2.0,0.0,3.0,765.0,3.0,3.0,3.0,1.0,0.0,1.0,1.0,0.0,6.0,1.0,6.0,29.0
0.0293,1.1,1059.0,31.0,31.45,1.0145,0.0,6.0,0.0,5.0,765.0,5.0,4.0,3.0,3.0,0.0,1.0,1.0,0.0,12.0,1.0,0.0,33.0
0.011,0.66,10461.0,115.0,67.24,0.5847,1.0,0.0,0.0,2.0,765.0,5.0,5.0,3.0,1.0,0.0,1.0,1.0,0.0,12.0,0.0,29.0,16.0
0.0293,1.1,1914.0,56.0,56.32,1.0057,0.0,5.0,0.0,4.0,765.0,4.0,4.0,3.0,2.0,0.0,0.0,0.0,0.0,11.0,0.0,11.0,5.0
0.0384,1.1,6540.0,251.0,215.84,0.8599,0.0,5.0,0.0,4.0,765.0,4.0,4.0,3.0,2.0,0.0,0.0,0.0,0.0,11.0,0.0,15.0,8.0
0.0364,0.8,55.0,2.0,1.48,0.74,0.0,1.0,0.0,5.0,765.0,5.0,0.0,3.0,1.0,0.0,1.0,1.0,0.0,12.0,0.0,28.0,39.0
0.0741,1.0,27.0,2.0,1.89,0.945,0.0,5.0,0.0,1.0,765.0,1.0,4.0,3.0,3.0,0.0,3.0,0.0,0.0,0.0,0.0,15.0,46.0
0.0,1.5,14.0,0.0,0.0,0.0,0.0,3.0,0.0,3.0,765.0,5.0,4.0,1.0,2.0,0.0,1.0,1.0,0.0,2.0,0.0,6.0,45.0
0.0417,1.5,8379.0,349.0,402.99,1.1547,0.0,3.0,0.0,5.0,765.0,3.0,4.0,5.0,1.0,0.0,1.0,0.0,0.0,12.0,0.0,15.0,39.0
0.0571,1.2,1174.0,67.0,72.72,1.0854,0.0,1.0,0.0,5.0,765.0,5.0,4.0,3.0,1.0,0.0,1.0,1.0,0.0,3.0,0.0,15.0,39.0
0.0682,1.1,44.0,3.0,3.28,1.0933,0.0,4.0,0.0,1.0,765.0,4.0,4.0,3.0,2.0,0.0,0.0,0.0,0.0,11.0,0.0,13.0,44.0
0.0563,1.2,71.0,4.0,4.7,1.175,0.0,2.0,0.0,3.0,765.0,5.0,2.0,3.0,2.0,0.0,1.0,1.0,0.0,10.0,0.0,6.0,45.0
0.0098,1.0,102.0,1.0,0.88,0.88,0.0,6.0,0.0,5.0,780.0,5.0,4.0,3.0,2.0,0.0,1.0,1.0,0.0,4.0,1.0,0.0,22.0
0.0161,1.2,186.0,3.0,2.84,0.9467,0.0,2.0,0.0,3.0,780.0,3.0,3.0,3.0,1.0,0.0,1.0,1.0,0.0,6.0,1.0,6.0,29.0
0.0291,1.3,1066.0,31.0,31.45,1.0145,0.0,6.0,0.0,5.0,780.0,5.0,4.0,3.0,3.0,0.0,1.0,1.0,0.0,12.0,1.0,0.0,33.0
0.0106,0.66,11018.0,117.0,68.43,0.5849,1.0,0.0,0.0,2.0,780.0,5.0,5.0,3.0,1.0,0.0,1.0,1.0,0.0,12.0,0.0,29.0,16.0
0.0281,1.1,1991.0,56.0,56.32,1.0057,0.0,5.0,0.0,4.0,780.0,4.0,4.0,3.0,2.0,0.0,0.0,0.0,0.0,11.0,0.0,11.0,5.0
0.0384,1.1,6999.0,269.0,233.81,0.8692,0.0,5.0,0.0,4.0,780.0,4.0,4.0,3.0,2.0,0.0,0.0,0.0,0.0,11.0,0.0,15.0,8.0
0.0339,1.0,59.0,2.0,1.48,0.74,0.0,1.0,0.0,5.0,780.0,5.0,0.0,3.0,1.0,0.0,1.0,1.0,0.0,12.0,0.0,28.0,39.0
0.0741,1.2,27.0,2.0,1.89,0.945,0.0,5.0,0.0,1.0,780.0,1.0,4.0,3.0,3.0,0.0,3.0,0.0,0.0,0.0,0.0,15.0,46.0
